gt,hyp
then lakkha singh took the lead in singing the bhajans وقالت الشرطة إن الجثة بدت وكأنها كانت هناك منذ يوم تقريبا , وقالت الشرطة إن الجثة بدت وكأنها كانت هناك منذ يوم تقريبا 
the major religion in moldova is orthodox christian بإمكانك أن ترى الأهرام في الظلام وفي صمت قبل أن يبدأ العرض,بإمكانك أن ترى الأهرام في الظلام وفي صمت قبل أن يبدأ العرض
the east african islands are in the indian ocean off the eastern coast of africa بعدها أخذ لاكها سينغ زمام المبادرة لغناء الباجانز, بعدها أخذ لك هاسيانغ زمام المبادرة لغناء الباجانز
as soon as you get out of the current swimming back is no more difficult than normally يستقبل القمر الصناعي بالفضاء المكالمة ثم يعكسها في نفس اللحظة تقريبا ,as soon as you get out of the current snowing back is no more difficult than normallyيستقبل القمر الصناعي بالفضاء المكالمة ثم يعكسها في نفس اللحظة تقريبا
it s worth half an hour to stroll about the intriguing village لقد زار المريض نيجيريا حيث س جلت بعض حالات الإصابة بفيروس إيبولا, اسفلت حافة سواء للغاية لقت زور المريض نيجيريا حيث سجلت بعض حالات الإصابة فيروس إيبولا
it had been scheduled to be cut down on tuesday but was saved after an emergency court ruling رح ب الرئيس الأمريكي جورج دبليو بوش بالإعلان,it has been expected to be kept there on too safe or was saved after an emergency to court ruling راحب الرئيس الامريكي جورج دابليوبوش بالإعلان
the first cases of the disease this season were reported in late july يستحق الأمر نصف ساعة من التجو ل في القرية المثيرة للاهتمام,الأمر السيزان في جولاي يستحق الأمر نصف ساعة من التجول في القرية المسيرة للإهتمام
although three people were inside the house when the car impacted it none of them were hurt قال إنه صنع جرس باب يعمل بتقنية واي فاي,قال إنه صنع جرس باب يعمل بتقنيه واي فاي
in the churchyard there are interesting marble sculptures of doves over some tombs كانت معظم حياة العائلة العبرية في الهواء الطلق,كانت معظم حياة العائلة العبرية في الهواء الطالق
the satellite in space gets the call and then reflects it back down almost instantly قال إنه صنع جرس باب يعمل بتقنية واي فاي,الساتيلات في الوقت يأتي ويأتي تنظرها ثم يتكلمها مباشرة بشكل طريعقال إنه صنع جرس باب يعمل بتقنيت وايفاء
soon officers equipped with riot gear entered the yard and cornered the inmates with tear gas لم تكن هناك غابات كبيرة في أرض كنعان لذلك كان الخشب باهظ الثمن,soon officers equipped with riot here enter the yard and cornered the inmates with tear gasلم تكن هناك جغابات كبيرة فأرض كانعان لذلك كان الخشب باهز السمن
scientists say the explosion caused by the collision was massive بإمكانك أن ترى الأهرام في الظلام وفي صمت قبل أن يبدأ العرض, scientists say the explosion caused by the collision was massive بإمكانك أن دار الأهرام في الظلم وفي صنط قبل أن يبدأ العرض
argentina is well known for having one of the best polo teams and players in the world وقالت الشرطة إن الجثة بدت وكأنها كانت هناك منذ يوم تقريبا ,argentina is well known for having one of the best polo teams and players in the world وقالت الشرطة إن الجثة بدت وكأنها كانت هناك منذ يوم تقريبا
it had been scheduled to be cut down on tuesday but was saved after an emergency court ruling نهر الأمازون هو أيضا أعرض نهر على الأرض يصل عرضه في أوقات إلى 6 أميال,نهر الامازون هو أيضا أعرض نهر على الأرض يصل عرضه في أوقات لستة أميال
water is spilling over the levee in a section 100 feet wide ينسك ب الماء من فوق السد في جزء بعرض 100 قدم,water is spilling over the levi in a section 100 feet wideتسكب الماء من فوق السد في جزء بعرض مئة قدم
that didn t seem to make sense to me it certainly wasn t fair يقول العلماء إن الانفجار الناجم عن الاصطدام كان مهولا ,يقول العلماء إن الإنفجار الناجم عن الإصطضام كان مهولا 
inland waterways can be a good theme to base a holiday around معظم المناطق تخدمها حافلات كوستر يابانية صغيرة وهي مريحة وقوية,معظم المناطق تخدمها حافلات كوستر يابني ة صغيرة وهي مريحة وكوية
most of the life of the hebrew family happened in the open air لم تكن هناك غابات كبيرة في أرض كنعان لذلك كان الخشب باهظ الثمن,المتكن هناك غابات كبيرة في أرض كان عين لذلك كان الخاشب بوحز السمن
the patient had been to nigeria where some cases of the ebola virus have occurred بدأ الإسبان الحقبة الاستعماري ة التي دامت لثلاثة قرون,the patient had been twain in nigeria where some cases of the yulksorovirus have occurredبدأ الإسبان الحقبة الاستعماري التي دامت لثلاثة قرون
pronunciation is relatively easy in italian since most words are pronounced exactly how they are written بدأ الإسبان الحقبة الاستعماري ة التي دامت لثلاثة قرون,بدع الإسبان الحقدة الاستعمارية التي دامت لثلاثة قرون
police said that the body appeared to have been there for about a day النطق في اللغة الإيطالية سهل نسبي ا حيث ت نطق معظم الكلمات كما ت كتب بالضبط, police said that the body appeared to have been there for about a day النقطة في اللغة الإطارية سهلة نسبيا حيث تنطق معظم الكلمات كما تكتب بالضبط
the amazon is also the widest river on earth at times six miles wide إنه المجلس الانتخابي المؤقت الخامس لمارتيلي خلال أربع سنوات, إنه المجلس الانتخابي المؤقت الخامس لمارتيلي خلال أربع سنوات
most of the life of the hebrew family happened in the open air ينسك ب الماء من فوق السد في جزء بعرض 100 قدم, most of the life of the uu family happened in the open air ينسك بالماء من فوق السد في جزء بعرض مائة القدم
soon officers equipped with riot gear entered the yard and cornered the inmates with tear gas كانت معظم حياة العائلة العبرية في الهواء الطلق,سون اوفسيروا قبضوا مع ريا جير في المنزل وخم رت الناديين بطريقة غاز كانت معظم حياة العائلة العبرية في الهواء الطلق
he built a wifi door bell he said يقول العلماء إن الانفجار الناجم عن الاصطدام كان مهولا ,يقول العلماء إن الانفجار الناجم عن الاستضام كان مهولا
he built a wifi door bell he said بدأ الإسبان الحقبة الاستعماري ة التي دامت لثلاثة قرون, بدأ الاسبان الحقبة الاستعمارية التي دامت لثلاثة كرون
the spaniards started the colonization period which lasted for three centuries ينسك ب الماء من فوق السد في جزء بعرض 100 قدم,yspaniards started a colonization period which lasted for three centuriesينسكب الماء من فوق الصد في جزء بعرض 100 قدم
it is martelly s fifth cep in four years قد يكون بهار الكاري جافا أو رطبا حسب مقدار السائل,it is martelli s physicist dep in four years قد يكون بهار الكاري جافا أو رطبا حسب مقدار السائل
with only eighteen medals available a day a number of countries have failed to make the medal podium لم يبد لي ذلك منطقيا بالتأكيد لم يكن عادلا ,with only 18 medals available a day and number of countries have failed to make the medal podiumلم يبدو لي ذلك منطقيا بالتأكيد لم يكن عادلا
u s president george w bush welcomed the announcement كانت معظم حياة العائلة العبرية في الهواء الطلق, كانت معظم حياة العائلة العبرية في الهواء الطلق
